Title,Address,Price,Beds,Phone
"Wynwood Plaza
55 NW 29th St, Miami, FL 33127","55 NW 29th St, Miami, FL 33127",No Price,No Bed Info,No Phone
"1900 Broadway
1950 Broadway, Oakland, CA 94612","1950 Broadway, Oakland, CA 94612",No Price,No Bed Info,No Phone
"Three Collective
5205 Leesburg Pike, Falls Church, VA 22041","5205 Leesburg Pike, Falls Church, VA 22041",No Price,No Bed Info,No Phone
"NOVEL 14th Street by Crescent Communities
2601 14th St NW, Washington, DC 20009","2601 14th St NW, Washington, DC 20009",No Price,No Bed Info,No Phone
"Oakville
451 Swann Ave, Alexandria, VA 22301","451 Swann Ave, Alexandria, VA 22301",No Price,No Bed Info,No Phone
"Stratos at Bridge District
600 Howard Rd SE, Washington, DC 20020","600 Howard Rd SE, Washington, DC 20020",No Price,No Bed Info,No Phone
"Cecil
8015 Old Georgetown Rd, Bethesda, MD 20814","8015 Old Georgetown Rd, Bethesda, MD 20814",No Price,No Bed Info,No Phone
"Reynard
1100 Dahlia St NW, Washington, DC 20012","1100 Dahlia St NW, Washington, DC 20012",No Price,No Bed Info,No Phone
"Junction Santa Monica
1641 Lincoln Blvd, Santa Monica, CA 90404","1641 Lincoln Blvd, Santa Monica, CA 90404",No Price,No Bed Info,No Phone
"Evani 3223 Wilshire
3223 Wilshire Blvd, Santa Monica, CA 90403","3223 Wilshire Blvd, Santa Monica, CA 90403",No Price,No Bed Info,No Phone
"Ashbridge Exton
109 Commerce Dr, Exton, PA 19341","109 Commerce Dr, Exton, PA 19341",No Price,No Bed Info,No Phone
"The Lafayette
2333 Calle del Mundo, Santa Clara, CA 95054","2333 Calle del Mundo, Santa Clara, CA 95054",No Price,No Bed Info,No Phone
"Emblem 120
120 Commerce Way, Woburn, MA 01801","120 Commerce Way, Woburn, MA 01801",No Price,No Bed Info,No Phone
"The Park
417 Raritan Rd, Roselle, NJ 07203","417 Raritan Rd, Roselle, NJ 07203",No Price,No Bed Info,No Phone
"The Crossing at Palm Aire
4665 Whitfield Ave, Sarasota, FL 34243","4665 Whitfield Ave, Sarasota, FL 34243",No Price,No Bed Info,No Phone
"EDGE Apartments
100 Avenue G, Bayonne, NJ 07002","100 Avenue G, Bayonne, NJ 07002",No Price,No Bed Info,No Phone
"Alula at Bridge District
650 Howard Rd SE, Washington, DC 20020","650 Howard Rd SE, Washington, DC 20020",No Price,No Bed Info,No Phone
"Two Clinton Park
50 Clinton Pl, New Rochelle, NY 10801","50 Clinton Pl, New Rochelle, NY 10801",No Price,No Bed Info,No Phone
"Arden Englewood
3595 S Jason St, Englewood, CO 80110","3595 S Jason St, Englewood, CO 80110",No Price,No Bed Info,No Phone
"Park Fifth
427 W 5th St, Los Angeles, CA 90013","427 W 5th St, Los Angeles, CA 90013",No Price,No Bed Info,No Phone
"Cast Iron Lofts
300 Coles St, Jersey City, NJ 07310","300 Coles St, Jersey City, NJ 07310",No Price,No Bed Info,No Phone
"Broad + Noble
435 N Broad St, Philadelphia, PA 19123","435 N Broad St, Philadelphia, PA 19123",No Price,No Bed Info,No Phone
"Ezelle
900 Laura Oaks Blvd, Kissimmee, FL 34747","900 Laura Oaks Blvd, Kissimmee, FL 34747",No Price,No Bed Info,No Phone
"Left Bank
300 N Canal St, Chicago, IL 60606","300 N Canal St, Chicago, IL 60606",No Price,No Bed Info,No Phone
"The Harlo
1350 Boylston St, Boston, MA 02215","1350 Boylston St, Boston, MA 02215",No Price,No Bed Info,No Phone
"Joule House
2200 NW 1st Ave, Miami, FL 33127","2200 NW 1st Ave, Miami, FL 33127",No Price,No Bed Info,No Phone
"465 North Park
465 N Park Dr, Chicago, IL 60611","465 N Park Dr, Chicago, IL 60611",No Price,No Bed Info,No Phone
"Sedona|Slate
1510 Clarendon Blvd, Arlington, VA 22209","1510 Clarendon Blvd, Arlington, VA 22209",No Price,No Bed Info,No Phone
"727 West Madison
727 W Madison St, Chicago, IL 60661","727 W Madison St, Chicago, IL 60661",No Price,No Bed Info,No Phone
"Neuhoff Residences
1315 Adams St, Nashville, TN 37208","1315 Adams St, Nashville, TN 37208",No Price,No Bed Info,No Phone
"Alder at Allston Yards
301 Guest St, Allston, MA 02134","301 Guest St, Allston, MA 02134",No Price,No Bed Info,No Phone
"Luminary at One Light
100 E Redwood St, Baltimore, MD 21202","100 E Redwood St, Baltimore, MD 21202",No Price,No Bed Info,No Phone
"Notion
125 N Arcadia Ave, Decatur, GA 30030","125 N Arcadia Ave, Decatur, GA 30030",No Price,No Bed Info,No Phone
"Trademark
437 S Hill St, Los Angeles, CA 90012","437 S Hill St, Los Angeles, CA 90012",No Price,No Bed Info,No Phone
"Parc Riverside
1011 1st St SE, Washington, DC 20003","1011 1st St SE, Washington, DC 20003",No Price,No Bed Info,No Phone
"Spinnaker Bay at Harbor East
707-717 President St, Baltimore, MD 21202","707-717 President St, Baltimore, MD 21202",No Price,No Bed Info,No Phone
"The Clark
3400 S Clark St, Arlington, VA 22202","3400 S Clark St, Arlington, VA 22202",No Price,No Bed Info,No Phone
"The Silva
1630 Columbia Rd NW, Washington, DC 20009","1630 Columbia Rd NW, Washington, DC 20009",No Price,No Bed Info,No Phone
"The Bradford
525 Common St, Belmont, MA 02478","525 Common St, Belmont, MA 02478",No Price,No Bed Info,No Phone
"Hanover Tysons
1500 Westbranch Dr, McLean, VA 22102","1500 Westbranch Dr, McLean, VA 22102",No Price,No Bed Info,No Phone
"Emmi Midtown
1405 Spring St, Atlanta, GA 30309","1405 Spring St, Atlanta, GA 30309",No Price,No Bed Info,No Phone
"Atwood
728 Broadway, Saugus, MA 01906","728 Broadway, Saugus, MA 01906",No Price,No Bed Info,No Phone
"Linea
2161 Hawkins St, Charlotte, NC 28203","2161 Hawkins St, Charlotte, NC 28203",No Price,No Bed Info,No Phone
"Winthrop
913 Southerly Rd, Towson, MD 21204","913 Southerly Rd, Towson, MD 21204",No Price,No Bed Info,No Phone
"City Ridge
20 Ridge Square NW, Washington, DC 20016","20 Ridge Square NW, Washington, DC 20016",No Price,No Bed Info,No Phone
"Maison Green
4917 Eden Ave, Edina, MN 55424","4917 Eden Ave, Edina, MN 55424",No Price,No Bed Info,No Phone
"Haden
1575 Anderson Rd, McLean, VA 22102","1575 Anderson Rd, McLean, VA 22102",No Price,No Bed Info,No Phone
"Anara Santa Monica
2200 Colorado Ave, Santa Monica, CA 90404","2200 Colorado Ave, Santa Monica, CA 90404",No Price,No Bed Info,No Phone
"The Alexander Apartments
4390 King St, Alexandria, VA 22302","4390 King St, Alexandria, VA 22302",No Price,No Bed Info,No Phone
"Oro Ballantyne
14020 Stream Way, Charlotte, NC 28277","14020 Stream Way, Charlotte, NC 28277",No Price,No Bed Info,No Phone
"Atwell on Spring
1260 Spring St, Silver Spring, MD 20910","1260 Spring St, Silver Spring, MD 20910",No Price,No Bed Info,No Phone
"Cameron Square
5555 Cardinal Pl, Alexandria, VA 22304","5555 Cardinal Pl, Alexandria, VA 22304",No Price,No Bed Info,No Phone
"The 202
202 Florida Ave NE, Washington, DC 20002","202 Florida Ave NE, Washington, DC 20002",No Price,No Bed Info,No Phone
"Venture on I
60 I St SW, Washington, DC 20024","60 I St SW, Washington, DC 20024",No Price,No Bed Info,No Phone
"The Burton
200 Florida Ave NE, Washington, DC 20002","200 Florida Ave NE, Washington, DC 20002",No Price,No Bed Info,No Phone
"The Ellington
1301 U St NW, Washington, DC 20009","1301 U St NW, Washington, DC 20009",No Price,No Bed Info,No Phone
"The Alcott
1221 N Pierce St, Arlington, VA 22209","1221 N Pierce St, Arlington, VA 22209",No Price,No Bed Info,No Phone
"Station House
701 2nd St NE, Washington, DC 20002","701 2nd St NE, Washington, DC 20002",No Price,No Bed Info,No Phone
"Verdosa
705 W 9th St, Los Angeles, CA 90015","705 W 9th St, Los Angeles, CA 90015",No Price,No Bed Info,No Phone
"Senate Square
201 I St NE, Washington, DC 20002","201 I St NE, Washington, DC 20002",No Price,No Bed Info,No Phone
"The Westerly
350 Maple Dr SW, Washington, DC 20024","350 Maple Dr SW, Washington, DC 20024",No Price,No Bed Info,No Phone
"Momentum Midtown
1018 W Peachtree St, Atlanta, GA 30309","1018 W Peachtree St, Atlanta, GA 30309",No Price,No Bed Info,No Phone
"Steelworks
1220 Mecaslin St NW, Atlanta, GA 30318","1220 Mecaslin St NW, Atlanta, GA 30318",No Price,No Bed Info,No Phone
"Catherine Santa Monica
1625 Lincoln Blvd, Santa Monica, CA 90404","1625 Lincoln Blvd, Santa Monica, CA 90404",No Price,No Bed Info,No Phone
"The Hadley
770 Juniper St NE, Atlanta, GA 30308","770 Juniper St NE, Atlanta, GA 30308",No Price,No Bed Info,No Phone
"333 North Broad
333 N Broad St, Doylestown, PA 18901","333 N Broad St, Doylestown, PA 18901",No Price,No Bed Info,No Phone
"Arcadia Run
11775 Boltonia Dr, Manassas, VA 20109","11775 Boltonia Dr, Manassas, VA 20109",No Price,No Bed Info,No Phone
"Rowen at The Pinehills
9 Village Green S, Plymouth, MA 02360","9 Village Green S, Plymouth, MA 02360",No Price,No Bed Info,No Phone
"Aura Colliers Hill
1300 Colliers Parkway, Erie, CO 80516","1300 Colliers Parkway, Erie, CO 80516",No Price,No Bed Info,No Phone
"Aspen at Melford Town Center
17530 Lake Melford Ave, Bowie, MD 20715","17530 Lake Melford Ave, Bowie, MD 20715",No Price,No Bed Info,No Phone
"Fiore Townhomes
168 Forsano Blvd, Nokomis, FL 34275","168 Forsano Blvd, Nokomis, FL 34275",No Price,No Bed Info,No Phone
"Cambridge Park Apartments
30 Cambridge Park Dr, Cambridge, MA 02140","30 Cambridge Park Dr, Cambridge, MA 02140",No Price,No Bed Info,No Phone
"The Allure Mineola
140 Old Country Rd, Mineola, NY 11501","140 Old Country Rd, Mineola, NY 11501",No Price,No Bed Info,No Phone
"Amaya
50 Salt St, Revere, MA 02151","50 Salt St, Revere, MA 02151",No Price,No Bed Info,No Phone
"Atlee Square
200 Middletown Blvd, Langhorne, PA 19047","200 Middletown Blvd, Langhorne, PA 19047",No Price,No Bed Info,No Phone
"Vantage Collection
1-33 Park View Ave, Jersey City, NJ 07302","1-33 Park View Ave, Jersey City, NJ 07302",No Price,No Bed Info,No Phone
"Cantabria
4915 1st Ave E, Bradenton, FL 34208","4915 1st Ave E, Bradenton, FL 34208",No Price,No Bed Info,No Phone
"The Apollo
600 H St NE, Washington, DC 20002","600 H St NE, Washington, DC 20002",No Price,No Bed Info,No Phone
"Aura Fifty4
5580 Farrington Rd, Chapel Hill, NC 27517","5580 Farrington Rd, Chapel Hill, NC 27517",No Price,No Bed Info,No Phone
"NOVEL Beach Park by Crescent Communities
5450 Bay Center Dr, Tampa, FL 33609","5450 Bay Center Dr, Tampa, FL 33609",No Price,No Bed Info,No Phone
"New Village at Patchogue
1 Village Grn, Patchogue, NY 11772","1 Village Grn, Patchogue, NY 11772",No Price,No Bed Info,No Phone
"The Enclave at Potomac Club
15200 Leicestershire St, Woodbridge, VA 22191","15200 Leicestershire St, Woodbridge, VA 22191",No Price,No Bed Info,No Phone
"Aperture
11410 Reston Station Blvd, Reston, VA 20190","11410 Reston Station Blvd, Reston, VA 20190",No Price,No Bed Info,No Phone
"Tortoise One
740-840 N Dixie Hwy, West Palm Beach, FL 33401","740-840 N Dixie Hwy, West Palm Beach, FL 33401",No Price,No Bed Info,No Phone
"Martinique at Lakewood Ranch
3462 Caravelle St, Sarasota, FL 34240","3462 Caravelle St, Sarasota, FL 34240",No Price,No Bed Info,No Phone
"Launch
1777 Clement Ave, Alameda, CA 94501","1777 Clement Ave, Alameda, CA 94501",No Price,No Bed Info,No Phone
"42 Broad
42 Broad St W, Mount Vernon, NY 10552","42 Broad St W, Mount Vernon, NY 10552",No Price,No Bed Info,No Phone
"Parkside Providence Town Center
1001 Arborview Blvd, Collegeville, PA 19426","1001 Arborview Blvd, Collegeville, PA 19426",No Price,No Bed Info,No Phone
"Lakeside Apartments
6221 Summer Pond Dr, Centreville, VA 20121","6221 Summer Pond Dr, Centreville, VA 20121",No Price,No Bed Info,No Phone
"Margarite
1280 Union St NE, Washington, DC 20002","1280 Union St NE, Washington, DC 20002",No Price,No Bed Info,No Phone
"Faraday Park
11201 Reston Station Blvd, Reston, VA 20190","11201 Reston Station Blvd, Reston, VA 20190",No Price,No Bed Info,No Phone
"Skymark
12000 Inspiration St, Reston, VA 20190","12000 Inspiration St, Reston, VA 20190",No Price,No Bed Info,No Phone
"Julius
777 Summer St, Stamford, CT 06901","777 Summer St, Stamford, CT 06901",No Price,No Bed Info,No Phone
"The Haven at Atwater Village
1000 Terrain St, Malvern, PA 19355","1000 Terrain St, Malvern, PA 19355",No Price,No Bed Info,No Phone
"Avida
1000 Avida Village Cir, Orlando, FL 32825","1000 Avida Village Cir, Orlando, FL 32825",No Price,No Bed Info,No Phone
"Glasshouse Pittsburgh
160 E Station Square Dr, Pittsburgh, PA 15219","160 E Station Square Dr, Pittsburgh, PA 15219",No Price,No Bed Info,No Phone
"The Alder
136 W Falls Station Blvd, Falls Church, VA 22046","136 W Falls Station Blvd, Falls Church, VA 22046",No Price,No Bed Info,No Phone
"Compass at The Grove
1001 Compass Way, Newark, DE 19711","1001 Compass Way, Newark, DE 19711",No Price,No Bed Info,No Phone
"Element One
111 Morgan St, Stamford, CT 06905","111 Morgan St, Stamford, CT 06905",No Price,No Bed Info,No Phone
"The Rae
10401 Motor City Dr, Bethesda, MD 20817","10401 Motor City Dr, Bethesda, MD 20817",No Price,No Bed Info,No Phone
"Center & Stone
1190 Hancock St, Quincy, MA 02169","1190 Hancock St, Quincy, MA 02169",No Price,No Bed Info,No Phone
"The Residences at Sandy Farms
7900 Erin Michele Pky, Severn, MD 21144","7900 Erin Michele Pky, Severn, MD 21144",No Price,No Bed Info,No Phone
"Monroe Street Market
625 Monroe St NE, Washington, DC 20017","625 Monroe St NE, Washington, DC 20017",No Price,No Bed Info,No Phone
"Anya
345 Banyan Blvd, West Palm Beach, FL 33401","345 Banyan Blvd, West Palm Beach, FL 33401",No Price,No Bed Info,No Phone
"Beckert's Park
1350 E ST SE, Washington, DC 20003","1350 E ST SE, Washington, DC 20003",No Price,No Bed Info,No Phone
"One Theater Square
2 Center St, Newark, NJ 07102","2 Center St, Newark, NJ 07102",No Price,No Bed Info,No Phone
"Aura Arts District
505 N Lipan St, Denver, CO 80204","505 N Lipan St, Denver, CO 80204",No Price,No Bed Info,No Phone
"The Astrid
5159 Pooks Hill Rd, Bethesda, MD 20814","5159 Pooks Hill Rd, Bethesda, MD 20814",No Price,No Bed Info,No Phone
"Broad & Washington
111 E Broad St, Falls Church, VA 22046","111 E Broad St, Falls Church, VA 22046",No Price,No Bed Info,No Phone
"Savio
1874 Heron Club Dr, Delray Beach, FL 33445","1874 Heron Club Dr, Delray Beach, FL 33445",No Price,No Bed Info,No Phone
"OZMA
44 M St NE, Washington, DC 20002","44 M St NE, Washington, DC 20002",No Price,No Bed Info,No Phone
"Hartwood
401 Willow Ave, Sunnyvale, CA 94086","401 Willow Ave, Sunnyvale, CA 94086",No Price,No Bed Info,No Phone
"Idyl
60 Kilmarnock St, Boston, MA 02215","60 Kilmarnock St, Boston, MA 02215",No Price,No Bed Info,No Phone
"The Declan
5 Port Imperial Blvd, Weehawken, NJ 07086","5 Port Imperial Blvd, Weehawken, NJ 07086",No Price,No Bed Info,No Phone
"BLYS
3000 NE 6th Ave, Oakland Park, FL 33334","3000 NE 6th Ave, Oakland Park, FL 33334",No Price,No Bed Info,No Phone
"Elle
1111 20th St NW, Washington, DC 20036","1111 20th St NW, Washington, DC 20036",No Price,No Bed Info,No Phone
"101 Cross Street
101 W Cross St, Baltimore, MD 21230","101 W Cross St, Baltimore, MD 21230",No Price,No Bed Info,No Phone
"Heming
1800 Chain Bridge Rd, Mclean, VA 22102","1800 Chain Bridge Rd, Mclean, VA 22102",No Price,No Bed Info,No Phone
"Modern on M
465 M St SW, Washington, DC 20024","465 M St SW, Washington, DC 20024",No Price,No Bed Info,No Phone
"Margaux
4050 Garden City Dr, Hyattsville, MD 20785","4050 Garden City Dr, Hyattsville, MD 20785",No Price,No Bed Info,No Phone
"City Market at O
800 P St NW, Washington, DC 20001","800 P St NW, Washington, DC 20001",No Price,No Bed Info,No Phone
"The Brick of Hackensack
150 Main St, Hackensack, NJ 07601","150 Main St, Hackensack, NJ 07601",No Price,No Bed Info,No Phone
"Cora
1011 E Cumberland Ave, Tampa, FL 33602","1011 E Cumberland Ave, Tampa, FL 33602",No Price,No Bed Info,No Phone
"Central
8455 Fenton St, Silver Spring, MD 20910","8455 Fenton St, Silver Spring, MD 20910",No Price,No Bed Info,No Phone
"77H
77 H St NW, Washington, DC 20001","77 H St NW, Washington, DC 20001",No Price,No Bed Info,No Phone
"The Asher
620 N Fayette St, Alexandria, VA 22314","620 N Fayette St, Alexandria, VA 22314",No Price,No Bed Info,No Phone
"Vista Laurel Highlands
8141 McCauley Way, Lorton, VA 22079","8141 McCauley Way, Lorton, VA 22079",No Price,No Bed Info,No Phone
"RESA
22 M St NE, Washington, DC 20002","22 M St NE, Washington, DC 20002",No Price,No Bed Info,No Phone
"Prism
1028 Market St, San Francisco, CA 94102","1028 Market St, San Francisco, CA 94102",No Price,No Bed Info,No Phone
"Park + Ford
4401 Ford Ave, Alexandria, VA 22302","4401 Ford Ave, Alexandria, VA 22302",No Price,No Bed Info,No Phone
"Clippership Apartments on the Wharf
63 Lewis St, Boston, MA 02128","63 Lewis St, Boston, MA 02128",No Price,No Bed Info,No Phone
"Sora at Spring Quarter
1000 Spring St, Atlanta, GA 30309","1000 Spring St, Atlanta, GA 30309",No Price,No Bed Info,No Phone
"Elora at Buckhead
3372 Peachtree Rd NE, Atlanta, GA 30326","3372 Peachtree Rd NE, Atlanta, GA 30326",No Price,No Bed Info,No Phone
"Runway
12760 W Millennium Dr, Playa Vista, CA 90094","12760 W Millennium Dr, Playa Vista, CA 90094",No Price,No Bed Info,No Phone
"The Place at Fifth + Broadway
600 Broadway, Nashville, TN 37203","600 Broadway, Nashville, TN 37203",No Price,No Bed Info,No Phone
"Falls Green
501 Roosevelt Blvd, Falls Church, VA 22044","501 Roosevelt Blvd, Falls Church, VA 22044",No Price,No Bed Info,No Phone
"Concord Crystal City
2600 Crystal Dr, Arlington, VA 22202","2600 Crystal Dr, Arlington, VA 22202",No Price,No Bed Info,No Phone
"The Kingsley
500 Madison St, Alexandria, VA 22314","500 Madison St, Alexandria, VA 22314",No Price,No Bed Info,No Phone
"The Witmer Pentagon City
710 12th St S, Arlington, VA 22202","710 12th St S, Arlington, VA 22202",No Price,No Bed Info,No Phone
"Strathmore Court
5440 Marinelli Rd, Rockville, MD 20852","5440 Marinelli Rd, Rockville, MD 20852",No Price,No Bed Info,No Phone
"Edge Lofts
1405 Adams St, Hoboken, NJ 07030","1405 Adams St, Hoboken, NJ 07030",No Price,No Bed Info,No Phone
"Ovation at Park Crest
8231 Crestwood Heights Dr, McLean, VA 22102","8231 Crestwood Heights Dr, McLean, VA 22102",No Price,No Bed Info,No Phone
"Dalian on the Park
500 N 21st St, Philadelphia, PA 19130","500 N 21st St, Philadelphia, PA 19130",No Price,No Bed Info,No Phone
"Third & Valley
153 Valley St, South Orange, NJ 07079","153 Valley St, South Orange, NJ 07079",No Price,No Bed Info,No Phone
"Carraway
105 Corporate Park Dr, West Harrison, NY 10604","105 Corporate Park Dr, West Harrison, NY 10604",No Price,No Bed Info,No Phone
"672 Flats
672 N Glebe Rd, Arlington, VA 22203","672 N Glebe Rd, Arlington, VA 22203",No Price,No Bed Info,No Phone
"7001 Arlington at Bethesda
7001 Arlington Rd, Bethesda, MD 20814","7001 Arlington Rd, Bethesda, MD 20814",No Price,No Bed Info,No Phone
"The Milton
1446 S Grant St, Arlington, VA 22202","1446 S Grant St, Arlington, VA 22202",No Price,No Bed Info,No Phone
"Press House
331 N St NE, Washington, DC 20002","331 N St NE, Washington, DC 20002",No Price,No Bed Info,No Phone
"CityHouse Ashburn Station
21901 Garganey Ter, Ashburn, VA 20147","21901 Garganey Ter, Ashburn, VA 20147",No Price,No Bed Info,No Phone
"One Cathedral Square
1701 Race St, Philadelphia, PA 19103","1701 Race St, Philadelphia, PA 19103",No Price,No Bed Info,No Phone
"West Broad
301 W Broad St, Falls Church, VA 22046","301 W Broad St, Falls Church, VA 22046",No Price,No Bed Info,No Phone
"Corsair
1050 State St, New Haven, CT 06511","1050 State St, New Haven, CT 06511",No Price,No Bed Info,No Phone
"WaterView Echelon City Center
100 Main St N, Saint Petersburg, FL 33716","100 Main St N, Saint Petersburg, FL 33716",No Price,No Bed Info,No Phone
"Ashlar Park
100 Whitwell St, Quincy, MA 02169","100 Whitwell St, Quincy, MA 02169",No Price,No Bed Info,No Phone
"Fuse
165 Cambridgepark Dr, Cambridge, MA 02140","165 Cambridgepark Dr, Cambridge, MA 02140",No Price,No Bed Info,No Phone
"Array at West Alex
3445 Berkeley St, Alexandria, VA 22302","3445 Berkeley St, Alexandria, VA 22302",No Price,No Bed Info,No Phone
"The Harvey
50 Hood Park Dr, Boston, MA 02129","50 Hood Park Dr, Boston, MA 02129",No Price,No Bed Info,No Phone
"The Reed
234 W Polk St, Chicago, IL 60607","234 W Polk St, Chicago, IL 60607",No Price,No Bed Info,No Phone
"Env Chicago
161 W Kinzie St, Chicago, IL 60654","161 W Kinzie St, Chicago, IL 60654",No Price,No Bed Info,No Phone
"Anthem House
900 E Fort Ave, Baltimore, MD 21230","900 E Fort Ave, Baltimore, MD 21230",No Price,No Bed Info,No Phone
"5333 Connecticut
5333 Connecticut Ave NW, Washington, DC 20015","5333 Connecticut Ave NW, Washington, DC 20015",No Price,No Bed Info,No Phone
"Alexan Florence
400 Wythe St, Alexandria, VA 22314","400 Wythe St, Alexandria, VA 22314",No Price,No Bed Info,No Phone
"Artisan Series
1100 Jefferson St, Hoboken, NJ 07030","1100 Jefferson St, Hoboken, NJ 07030",No Price,No Bed Info,No Phone
"Westerly
740 N Aberdeen St, Chicago, IL 60642","740 N Aberdeen St, Chicago, IL 60642",No Price,No Bed Info,No Phone
"Bay House Emeryville
5684 Bay St, Emeryville, CA 94608","5684 Bay St, Emeryville, CA 94608",No Price,No Bed Info,No Phone
"The Frasier
615 Swann Ave, Alexandria, VA 22301","615 Swann Ave, Alexandria, VA 22301",No Price,No Bed Info,No Phone
"The Palatine Apartments
1301 N Troy St, Arlington, VA 22201","1301 N Troy St, Arlington, VA 22201",No Price,No Bed Info,No Phone
"The Julian at Fair Lakes
12751 Fair Lakes Cir, Fairfax, VA 22033","12751 Fair Lakes Cir, Fairfax, VA 22033",No Price,No Bed Info,No Phone
"The Cooper
720 S Wells St, Chicago, IL 60607","720 S Wells St, Chicago, IL 60607",No Price,No Bed Info,No Phone
"The Gramercy
2 Canfield Ave, White Plains, NY 10601","2 Canfield Ave, White Plains, NY 10601",No Price,No Bed Info,No Phone
"Juliana Apartments
600 Jackson St, Hoboken, NJ 07030","600 Jackson St, Hoboken, NJ 07030",No Price,No Bed Info,No Phone
"The Morgan at Provost Square
160 Morgan St, Jersey City, NJ 07302","160 Morgan St, Jersey City, NJ 07302",No Price,No Bed Info,No Phone
"Halstead Parsippany
1715 US Highway 46, Parsippany, NJ 07054","1715 US Highway 46, Parsippany, NJ 07054",No Price,No Bed Info,No Phone
"Summerhill
320 Henley Dr, Exton, PA 19341","320 Henley Dr, Exton, PA 19341",No Price,No Bed Info,No Phone
"Roosevelt Collection Lofts
1135 S Delano Ct, Chicago, IL 60605","1135 S Delano Ct, Chicago, IL 60605",No Price,No Bed Info,No Phone
"Dylan and Reese
2455 Mandeville Ave, Alexandria, VA 22314","2455 Mandeville Ave, Alexandria, VA 22314",No Price,No Bed Info,No Phone
"Chevy Chase Lake
3820 Chaplin Pl, Chevy Chase, MD 20815","3820 Chaplin Pl, Chevy Chase, MD 20815",No Price,No Bed Info,No Phone
"Marisol
2531 Beachcomber Inlet Loop, Lakewood Ranch, FL 34211","2531 Beachcomber Inlet Loop, Lakewood Ranch, FL 34211",No Price,No Bed Info,No Phone
"Pearson Square
410 S Maple Ave, Falls Church, VA 22046","410 S Maple Ave, Falls Church, VA 22046",No Price,No Bed Info,No Phone
"The Skylyne at Temescal
3883 Turquoise Way, Oakland, CA 94609","3883 Turquoise Way, Oakland, CA 94609",No Price,No Bed Info,No Phone
"Strata Wynwood
21 NE 22nd St, Miami, FL 33137","21 NE 22nd St, Miami, FL 33137",No Price,No Bed Info,No Phone
"The Laurent
55 Wheeler St, Cambridge, MA 02138","55 Wheeler St, Cambridge, MA 02138",No Price,No Bed Info,No Phone
"Ember at Berwyn
400 W Swedesford Rd, Berwyn, PA 19312","400 W Swedesford Rd, Berwyn, PA 19312",No Price,No Bed Info,No Phone
"Stone Point Apartments
116 Stone Point Dr, Annapolis, MD 21401","116 Stone Point Dr, Annapolis, MD 21401",No Price,No Bed Info,No Phone
"Flats 130 at Constitution Square
130 M St NE, Washington, DC 20002","130 M St NE, Washington, DC 20002",No Price,No Bed Info,No Phone
"The Magnolia
10301 Grosvenor Pl, North Bethesda, MD 20852","10301 Grosvenor Pl, North Bethesda, MD 20852",No Price,No Bed Info,No Phone
"7SEVENTY7
777 N Van Buren St, Milwaukee, WI 53202","777 N Van Buren St, Milwaukee, WI 53202",No Price,No Bed Info,No Phone
"Tesora
16520 Windsor Cay Blvd, Clermont, FL 34714","16520 Windsor Cay Blvd, Clermont, FL 34714",No Price,No Bed Info,No Phone
"OneEleven
111 W Wacker Dr, Chicago, IL 60601","111 W Wacker Dr, Chicago, IL 60601",No Price,No Bed Info,No Phone
"19Nineteen
1919 Clarendon Blvd, Arlington, VA 22201","1919 Clarendon Blvd, Arlington, VA 22201",No Price,No Bed Info,No Phone
"The Channel
950 Maine Ave SW, Washington, DC 20024","950 Maine Ave SW, Washington, DC 20024",No Price,No Bed Info,No Phone
"Stamford Corners
1455 Washington Blvd, Stamford, CT 06902","1455 Washington Blvd, Stamford, CT 06902",No Price,No Bed Info,No Phone
"Core
8621 Georgia Ave, Silver Spring, MD 20910","8621 Georgia Ave, Silver Spring, MD 20910",No Price,No Bed Info,No Phone
"The Berkleigh
6221 Greenleigh Ave, Baltimore, MD 21220","6221 Greenleigh Ave, Baltimore, MD 21220",No Price,No Bed Info,No Phone
"ONE501
1501 Harry Thomas Way NE, Washington, DC 20002","1501 Harry Thomas Way NE, Washington, DC 20002",No Price,No Bed Info,No Phone
"Hub50House
50 Causeway St, Boston, MA 02114","50 Causeway St, Boston, MA 02114",No Price,No Bed Info,No Phone
"Rye House
2450 Rye St, Baltimore, MD 21230","2450 Rye St, Baltimore, MD 21230",No Price,No Bed Info,No Phone
"The Sinclair
1201 N La Salle Dr, Chicago, IL 60610","1201 N La Salle Dr, Chicago, IL 60610",No Price,No Bed Info,No Phone
"The Kendrick
275 2nd Ave, Needham, MA 02494","275 2nd Ave, Needham, MA 02494",No Price,No Bed Info,No Phone
"Aura 509
509 N Mangum St, Durham, NC 27701","509 N Mangum St, Durham, NC 27701",No Price,No Bed Info,No Phone
"LEVA on Market
1545 NW Market St, Seattle, WA 98107","1545 NW Market St, Seattle, WA 98107",No Price,No Bed Info,No Phone
"ParkLine Palm Beaches
591 Evernia St, West Palm Beach, FL 33401","591 Evernia St, West Palm Beach, FL 33401",No Price,No Bed Info,No Phone
"The Kelvin
1250 Half St SE, Washington, DC 20003","1250 Half St SE, Washington, DC 20003",No Price,No Bed Info,No Phone
"Revolution at Assembly Row
290 Revolution Dr, Somerville, MA 02145","290 Revolution Dr, Somerville, MA 02145",No Price,No Bed Info,No Phone
"Porter
1105 Pleasant St St, Oak Park, IL 60302","1105 Pleasant St St, Oak Park, IL 60302",No Price,No Bed Info,No Phone
"Blvd & Bond
88 Arsenal Yards Blvd, Watertown, MA 02472","88 Arsenal Yards Blvd, Watertown, MA 02472",No Price,No Bed Info,No Phone
"Halstead Providence
255 Promenade St, Providence, RI 02908","255 Promenade St, Providence, RI 02908",No Price,No Bed Info,No Phone
"Premiere on Pine
1525 9th Ave, Seattle, WA 98101","1525 9th Ave, Seattle, WA 98101",No Price,No Bed Info,No Phone
"Aster
4400 Calvert Rd, College Park, MD 20740","4400 Calvert Rd, College Park, MD 20740",No Price,No Bed Info,No Phone
"Halstead Haverhill
40 Locke St, Haverhill, MA 01830","40 Locke St, Haverhill, MA 01830",No Price,No Bed Info,No Phone
"Crosswinds at Annapolis Town Center
1903 Towne Centre Blvd, Annapolis, MD 21401","1903 Towne Centre Blvd, Annapolis, MD 21401",No Price,No Bed Info,No Phone
"Halstead Square - Lofts & Lotus
2729 Merrilee Dr, Fairfax, VA 22031","2729 Merrilee Dr, Fairfax, VA 22031",No Price,No Bed Info,No Phone
"Oaklyn
3333 N Federal Hwy, Oakland Park, FL 33306","3333 N Federal Hwy, Oakland Park, FL 33306",No Price,No Bed Info,No Phone
"Union Place
200 K St NE, Washington, DC 20002","200 K St NE, Washington, DC 20002",No Price,No Bed Info,No Phone
"The Point at Pine Ridge
1 Avalon Pines Dr, Coram, NY 11727","1 Avalon Pines Dr, Coram, NY 11727",No Price,No Bed Info,No Phone
"Town Square at Mark Center
1459 N Beauregard St, Alexandria, VA 22311","1459 N Beauregard St, Alexandria, VA 22311",No Price,No Bed Info,No Phone
"Anton Pacific
800 Pacific Ave, Santa Cruz, CA 95060","800 Pacific Ave, Santa Cruz, CA 95060",No Price,No Bed Info,No Phone
"The Retreat at Brandywine Crossing
15956 Retreat Blvd, Brandywine, MD 20613","15956 Retreat Blvd, Brandywine, MD 20613",No Price,No Bed Info,No Phone
"4040 Wilson
4040 Wilson Blvd, Arlington, VA 22203","4040 Wilson Blvd, Arlington, VA 22203",No Price,No Bed Info,No Phone
"The Bexley
1300-1324 Clinton St, Hoboken, NJ 07030","1300-1324 Clinton St, Hoboken, NJ 07030",No Price,No Bed Info,No Phone
"555
555 E St SW, Washington, DC 20024","555 E St SW, Washington, DC 20024",No Price,No Bed Info,No Phone
"The Whitney
7707 Wisconsin Ave, Bethesda, MD 20814","7707 Wisconsin Ave, Bethesda, MD 20814",No Price,No Bed Info,No Phone
"The Modern at Art Place
400 Galloway St NE, Washington, DC 20011","400 Galloway St NE, Washington, DC 20011",No Price,No Bed Info,No Phone
"Courtyard at Jefferson
800 Jefferson St, Hoboken, NJ 07030","800 Jefferson St, Hoboken, NJ 07030",No Price,No Bed Info,No Phone
"âme at Meridian Hill
2601 16th St NW, Washington, DC 20009","2601 16th St NW, Washington, DC 20009",No Price,No Bed Info,No Phone
"The Laureate
8005 Gramercy Blvd, Rockville, MD 20855","8005 Gramercy Blvd, Rockville, MD 20855",No Price,No Bed Info,No Phone
"The Core
3 Hawkins Ave, Ronkonkoma, NY 11779","3 Hawkins Ave, Ronkonkoma, NY 11779",No Price,No Bed Info,No Phone
"Atwater Apartments
355 E Ohio St, Chicago, IL 60611","355 E Ohio St, Chicago, IL 60611",No Price,No Bed Info,No Phone
"NOVEL South Capitol
2 I St SE, Washington, DC 20003","2 I St SE, Washington, DC 20003",No Price,No Bed Info,No Phone
"The Pioneer
1760 Revere Beach Pky, Everett, MA 02149","1760 Revere Beach Pky, Everett, MA 02149",No Price,No Bed Info,No Phone
"Arbors Greenleigh
11550 Crossroads Cir, Baltimore, MD 21220","11550 Crossroads Cir, Baltimore, MD 21220",No Price,No Bed Info,No Phone
"Masons Keepe
9000 Landings Dr, Manassas, VA 20109","9000 Landings Dr, Manassas, VA 20109",No Price,No Bed Info,No Phone
"The Abby
255 Hancock St, Quincy, MA 02171","255 Hancock St, Quincy, MA 02171",No Price,No Bed Info,No Phone
"The Belgard
33 N St NE, Washington, DC 20002","33 N St NE, Washington, DC 20002",No Price,No Bed Info,No Phone
"Regent's Park
9333 Clocktower Pl, Fairfax, VA 22031","9333 Clocktower Pl, Fairfax, VA 22031",No Price,No Bed Info,No Phone
"Chesapeake Ridge
101 Chesapeake Ridge Ln, North East, MD 21901","101 Chesapeake Ridge Ln, North East, MD 21901",No Price,No Bed Info,No Phone
"The Hartley
7150 12th St NW, Washington, DC 20012","7150 12th St NW, Washington, DC 20012",No Price,No Bed Info,No Phone
"Affinity on Georgia
8021 Georgia Ave, Silver Spring, MD 20910","8021 Georgia Ave, Silver Spring, MD 20910",No Price,No Bed Info,No Phone
"Alvista Bowie
3631 Elder Oaks Blvd, Bowie, MD 20716","3631 Elder Oaks Blvd, Bowie, MD 20716",No Price,No Bed Info,No Phone
"Halstead Countryside
60 Village Circle Way, Manchester, NH 03102","60 Village Circle Way, Manchester, NH 03102",No Price,No Bed Info,No Phone
"The Ridge
55 Ridge Ln, Waltham, MA 02452","55 Ridge Ln, Waltham, MA 02452",No Price,No Bed Info,No Phone
"Halstead Fair Oaks
12105 Polo Dr, Fairfax, VA 22033","12105 Polo Dr, Fairfax, VA 22033",No Price,No Bed Info,No Phone
"Signature at Reston Town Center
11850 Freedom Dr, Reston, VA 20190","11850 Freedom Dr, Reston, VA 20190",No Price,No Bed Info,No Phone
"Centerra
77 N Almaden Ave, San Jose, CA 95110","77 N Almaden Ave, San Jose, CA 95110",No Price,No Bed Info,No Phone
"Halstead Tarrytown
1202 Crescent Dr, Tarrytown, NY 10591","1202 Crescent Dr, Tarrytown, NY 10591",No Price,No Bed Info,No Phone
"Plaza Towers
6700 Belcrest Rd, Hyattsville, MD 20782","6700 Belcrest Rd, Hyattsville, MD 20782",No Price,No Bed Info,No Phone
"Halstead Centreville
5751 Wood Meadow Way, Centreville, VA 20120","5751 Wood Meadow Way, Centreville, VA 20120",No Price,No Bed Info,No Phone
"The Reed
15955 Frederick Rd, Rockville, MD 20855","15955 Frederick Rd, Rockville, MD 20855",No Price,No Bed Info,No Phone
"Sawyer Place
50 Nepperhan St, Yonkers, NY 10701","50 Nepperhan St, Yonkers, NY 10701",No Price,No Bed Info,No Phone
"Towerview Ballantyne
13230 Ballantyne Corporate Pl, Charlotte, NC 28277","13230 Ballantyne Corporate Pl, Charlotte, NC 28277",No Price,No Bed Info,No Phone
"Harwood Flats
5454 Nicholson Ln, North Bethesda, MD 20852","5454 Nicholson Ln, North Bethesda, MD 20852",No Price,No Bed Info,No Phone
"Polo Lakes
1950 Polo Lake Blvd, Wellington, FL 33414","1950 Polo Lake Blvd, Wellington, FL 33414",No Price,No Bed Info,No Phone
"Halstead Reston
11555 Olde Tiverton Cir, Reston, VA 20194","11555 Olde Tiverton Cir, Reston, VA 20194",No Price,No Bed Info,No Phone
"Monument Village at College Park
9122 Baltimore Ave, College Park, MD 20740","9122 Baltimore Ave, College Park, MD 20740",No Price,No Bed Info,No Phone
"Asher
1050 Water St, Tampa, FL 33602","1050 Water St, Tampa, FL 33602",No Price,No Bed Info,No Phone
"Gio Midtown
3131 NE 1st Ave, Miami, FL 33137","3131 NE 1st Ave, Miami, FL 33137",No Price,No Bed Info,No Phone
"Molly Brook on Belmont
920 Belmont Ave, North Haledon, NJ 07508","920 Belmont Ave, North Haledon, NJ 07508",No Price,No Bed Info,No Phone
"Instrata Pentagon City
901 S 15th St, Arlington, VA 22202","901 S 15th St, Arlington, VA 22202",No Price,No Bed Info,No Phone
"i5 Union Market
320 Florida Ave NE, Washington, DC 20002","320 Florida Ave NE, Washington, DC 20002",No Price,No Bed Info,No Phone
"Hayworth Wilton
25 River Rd, Wilton, CT 06897","25 River Rd, Wilton, CT 06897",No Price,No Bed Info,No Phone
"The Hepburn
1901 Connecticut Ave NW, Washington, D.C., DC","1901 Connecticut Ave NW, Washington, D.C., DC",No Price,No Bed Info,No Phone
"The Courts of Devon
501 Main St, Gaithersburg, MD 20878","501 Main St, Gaithersburg, MD 20878",No Price,No Bed Info,No Phone
"Parc Huron
469 W Huron St, Chicago, IL 60654","469 W Huron St, Chicago, IL 60654",No Price,No Bed Info,No Phone
"The Lofts at Atlantic Wharf
530 Atlantic Ave, Boston, MA 02210","530 Atlantic Ave, Boston, MA 02210",No Price,No Bed Info,No Phone
"909
909 New Jersey Ave SE, Washington, DC 20003","909 New Jersey Ave SE, Washington, DC 20003",No Price,No Bed Info,No Phone
"Takoma Central
235-255 Carroll St NW, Washington, DC 20012","235-255 Carroll St NW, Washington, DC 20012",No Price,No Bed Info,No Phone
"Parc Plymouth Meeting
134 Plymouth Rd, Plymouth Meeting, PA 19462","134 Plymouth Rd, Plymouth Meeting, PA 19462",No Price,No Bed Info,No Phone
"Flats at Bethesda Avenue
7170 Woodmont Ave, Bethesda, MD 20815","7170 Woodmont Ave, Bethesda, MD 20815",No Price,No Bed Info,No Phone
"The Robinson
656 Ocean, Revere, MA 02151","656 Ocean, Revere, MA 02151",No Price,No Bed Info,No Phone
"The Lexington at Market Square
400 8th St NW, Washington, DC 20004","400 8th St NW, Washington, DC 20004",No Price,No Bed Info,No Phone
"Vantage Mosaic
8190 Strawberry Ln, Falls Church, VA 22042","8190 Strawberry Ln, Falls Church, VA 22042",No Price,No Bed Info,No Phone
"Watertown Mews
1 Repton Pl, Watertown, MA 02472","1 Repton Pl, Watertown, MA 02472",No Price,No Bed Info,No Phone
"Avalia
22182 Bella Lago Dr, Boca Raton, FL 33433","22182 Bella Lago Dr, Boca Raton, FL 33433",No Price,No Bed Info,No Phone
"Halstead Hopkinton
5 Woodview Way, Hopkinton, MA 01748","5 Woodview Way, Hopkinton, MA 01748",No Price,No Bed Info,No Phone
"Central Gardens Grand
3333 Central Gardens Cir, Palm Beach Gardens, FL 33418","3333 Central Gardens Cir, Palm Beach Gardens, FL 33418",No Price,No Bed Info,No Phone
"250 Mission
250 Mission Blvd, Baltimore, MD 21230","250 Mission Blvd, Baltimore, MD 21230",No Price,No Bed Info,No Phone
"Prospect Union Square
50 Prospect St, Somerville, MA 02143","50 Prospect St, Somerville, MA 02143",No Price,No Bed Info,No Phone
"450K
450 K St NW, Washington, DC 20001","450 K St NW, Washington, DC 20001",No Price,No Bed Info,No Phone
"The Porter Del Ray
625 E Monroe Ave, Alexandria, VA 22301","625 E Monroe Ave, Alexandria, VA 22301",No Price,No Bed Info,No Phone
"The Hue Midtown
22 14th St NW, Atlanta, GA 30309","22 14th St NW, Atlanta, GA 30309",No Price,No Bed Info,No Phone
"Pilot House at Riverdale
4650 Van Buren St, Riverdale Park, MD 20737","4650 Van Buren St, Riverdale Park, MD 20737",No Price,No Bed Info,No Phone
"14W Apartments
1315 W St NW, Washington, DC 20009","1315 W St NW, Washington, DC 20009",No Price,No Bed Info,No Phone
"The View Ballston
4000 Wilson Blvd, Arlington, VA 22203","4000 Wilson Blvd, Arlington, VA 22203",No Price,No Bed Info,No Phone
"The 1960
1960 N Main St, Walnut Creek, CA 94596","1960 N Main St, Walnut Creek, CA 94596",No Price,No Bed Info,No Phone
"Liberty Harbor East
1301 Aliceanna St, Baltimore, MD 21231","1301 Aliceanna St, Baltimore, MD 21231",No Price,No Bed Info,No Phone
"Union on Queen
1515 N Queen St, Arlington, VA 22209","1515 N Queen St, Arlington, VA 22209",No Price,No Bed Info,No Phone
"Incanto
770 Maine Ave, Washington, DC 20024","770 Maine Ave, Washington, DC 20024",No Price,No Bed Info,No Phone
"The Bennington
1215 E West Hwy, Silver Spring, MD 20910","1215 E West Hwy, Silver Spring, MD 20910",No Price,No Bed Info,No Phone
"Park Lane Seaport
1 Park Ln, Boston, MA 02210","1 Park Ln, Boston, MA 02210",No Price,No Bed Info,No Phone
"The Enclave at Box Hill
3405 McCurley Dr, Abingdon, MD 21009","3405 McCurley Dr, Abingdon, MD 21009",No Price,No Bed Info,No Phone
"30 Dalton
30 Dalton St, Boston, MA 02115","30 Dalton St, Boston, MA 02115",No Price,No Bed Info,No Phone
"Overline Residences
700 Rankin St NE, Atlanta, GA 30308","700 Rankin St NE, Atlanta, GA 30308",No Price,No Bed Info,No Phone
"Aura Delray Beach
2095 W Atlantic Ave, Delray Beach, FL 33445","2095 W Atlantic Ave, Delray Beach, FL 33445",No Price,No Bed Info,No Phone
"The Promenade at Harbor East
1001 Aliceanna St, Baltimore, MD 21202","1001 Aliceanna St, Baltimore, MD 21202",No Price,No Bed Info,No Phone
"Allegro
3460 14th St NW, Washington, DC 20010","3460 14th St NW, Washington, DC 20010",No Price,No Bed Info,No Phone
"Del Ola
7801 N Federal Hwy, Boca Raton, FL 33487","7801 N Federal Hwy, Boca Raton, FL 33487",No Price,No Bed Info,No Phone
"The Sylvan
10 Fisher St, Foxboro, MA 02035","10 Fisher St, Foxboro, MA 02035",No Price,No Bed Info,No Phone
"Halstead Maynard Crossing
12 Digital Way, Maynard, MA 01754","12 Digital Way, Maynard, MA 01754",No Price,No Bed Info,No Phone
"Reading Commons
7 Archstone Cir, Reading, MA 01867","7 Archstone Cir, Reading, MA 01867",No Price,No Bed Info,No Phone
"The Beacon Clarendon
1128 N Irving St, Arlington, VA 22201","1128 N Irving St, Arlington, VA 22201",No Price,No Bed Info,No Phone
"Cobalt Lofts
1200 S 5th St, Harrison, NJ 07029","1200 S 5th St, Harrison, NJ 07029",No Price,No Bed Info,No Phone
"Heron
815 Water St, Tampa, FL 33602","815 Water St, Tampa, FL 33602",No Price,No Bed Info,No Phone
"The Yards at Fieldside Village
816 Long Dr, Aberdeen, MD 21001","816 Long Dr, Aberdeen, MD 21001",No Price,No Bed Info,No Phone
"565 Penn Residences
565 Pennsylvania Ave NW, Washington, DC 20001","565 Pennsylvania Ave NW, Washington, DC 20001",No Price,No Bed Info,No Phone
"The Banks
900 7th St SW, Washington, DC 20024","900 7th St SW, Washington, DC 20024",No Price,No Bed Info,No Phone
"MetroPointe
11175 Georgia Ave, Wheaton, MD 20902","11175 Georgia Ave, Wheaton, MD 20902",No Price,No Bed Info,No Phone
"Devonshire
1 Devonshire, Boston, MA 02109","1 Devonshire, Boston, MA 02109",No Price,No Bed Info,No Phone
"The Beacon of Groveton
6870 Richmond Hwy, Alexandria, VA 22306","6870 Richmond Hwy, Alexandria, VA 22306",No Price,No Bed Info,No Phone
"Harlow
1330 Willow Ave, Hoboken, NJ 07030","1330 Willow Ave, Hoboken, NJ 07030",No Price,No Bed Info,No Phone
"Cathedral Commons
3401 Idaho Ave NW, Washington, DC 20016","3401 Idaho Ave NW, Washington, DC 20016",No Price,No Bed Info,No Phone
"Chestnut Square
201 E Gay St, West Chester, PA 19380","201 E Gay St, West Chester, PA 19380",No Price,No Bed Info,No Phone
"Village Square
100 Village Sq, Glen Cove, NY 11542","100 Village Sq, Glen Cove, NY 11542",No Price,No Bed Info,No Phone
"The Village at Taylor Pond
3000 Taylor Pond Ln, Bedford, MA 01730","3000 Taylor Pond Ln, Bedford, MA 01730",No Price,No Bed Info,No Phone
"Azure Oxford Square
7010 Southmoor St, Hanover, MD 21076","7010 Southmoor St, Hanover, MD 21076",No Price,No Bed Info,No Phone
"Cirro King of Prussia
625 S Goddard Blvd, King Of Prussia, PA 19406","625 S Goddard Blvd, King Of Prussia, PA 19406",No Price,No Bed Info,No Phone
"The Isle
1 Cotton St, Philadelphia, PA 19127","1 Cotton St, Philadelphia, PA 19127",No Price,No Bed Info,No Phone
"Mariner Bay at Annapolis Town Center
1910 Towne Centre Blvd, Annapolis, MD 21401","1910 Towne Centre Blvd, Annapolis, MD 21401",No Price,No Bed Info,No Phone
"Halstead Norwalk
8 Norden Pl, Norwalk, CT 06855","8 Norden Pl, Norwalk, CT 06855",No Price,No Bed Info,No Phone
"Blackbird
1401 Pennsylvania Ave SE, Washington, DC 20003","1401 Pennsylvania Ave SE, Washington, DC 20003",No Price,No Bed Info,No Phone
"Insignia On M
1111 New Jersey Ave SE, Washington, DC 20003","1111 New Jersey Ave SE, Washington, DC 20003",No Price,No Bed Info,No Phone
"Steel Works
1200 Frank E. Rodgers Blvd S, Harrison, NJ 07029","1200 Frank E. Rodgers Blvd S, Harrison, NJ 07029",No Price,No Bed Info,No Phone
"OMNIA at Town Center
300 Village Dr, King Of Prussia, PA 19406","300 Village Dr, King Of Prussia, PA 19406",No Price,No Bed Info,No Phone
"Heritage at Bedford Springs
100 Thompson Farm, Bedford, MA 01730","100 Thompson Farm, Bedford, MA 01730",No Price,No Bed Info,No Phone
"Arbors at Arundel Preserve
2109 Piney Branch Cir, Hanover, MD 21076","2109 Piney Branch Cir, Hanover, MD 21076",No Price,No Bed Info,No Phone
"Elevation at Washington Gateway
100 Florida Ave NE, Washington, DC 20002","100 Florida Ave NE, Washington, DC 20002",No Price,No Bed Info,No Phone
"Monarch
2614 Smooth Alder St, Gambrills, MD 21054","2614 Smooth Alder St, Gambrills, MD 21054",No Price,No Bed Info,No Phone
"Prado
1957 W Creekside Crossing Cir, Oak Creek, WI 53154","1957 W Creekside Crossing Cir, Oak Creek, WI 53154",No Price,No Bed Info,No Phone
"The Lindley
8405 Chevy Chase Lake Ter, Chevy Chase, MD 20815","8405 Chevy Chase Lake Ter, Chevy Chase, MD 20815",No Price,No Bed Info,No Phone
"Gibson Santa Monica
1317 7Th St, Santa Monica, CA 90401","1317 7Th St, Santa Monica, CA 90401",No Price,No Bed Info,No Phone
"The Vine
10945 Price Manor Way, Laurel, MD 20723","10945 Price Manor Way, Laurel, MD 20723",No Price,No Bed Info,No Phone
"Halstead Merrimack
1 Vanderbilt Dr, Merrimack, NH 03054","1 Vanderbilt Dr, Merrimack, NH 03054",No Price,No Bed Info,No Phone
"The Citron
815 Pershing Dr, Silver Spring, MD 20910","815 Pershing Dr, Silver Spring, MD 20910",No Price,No Bed Info,No Phone
"Twenty20
20 Child St, Cambridge, MA 02141","20 Child St, Cambridge, MA 02141",No Price,No Bed Info,No Phone
"Rhode Island Row
2300 Washington Pl NE, Washington, DC 20018","2300 Washington Pl NE, Washington, DC 20018",No Price,No Bed Info,No Phone
"The Tides
35 Parker Row SW, Washington, DC 20024","35 Parker Row SW, Washington, DC 20024",No Price,No Bed Info,No Phone
"The Wyldes
1100 S 5th St, Harrison, NJ 07029","1100 S 5th St, Harrison, NJ 07029",No Price,No Bed Info,No Phone
"Meriel Marina Bay
552 Victory Rd, Quincy, MA 02171","552 Victory Rd, Quincy, MA 02171",No Price,No Bed Info,No Phone
"The Metropolitan
7620 Old Georgetown Rd, Bethesda, MD 20814","7620 Old Georgetown Rd, Bethesda, MD 20814",No Price,No Bed Info,No Phone
"EVO Apartments
40 Bennett Rd, Englewood, NJ 07631","40 Bennett Rd, Englewood, NJ 07631",No Price,No Bed Info,No Phone
"Emblem 125
125 Clifford St, Providence, RI 02903","125 Clifford St, Providence, RI 02903",No Price,No Bed Info,No Phone
"Woodbridge Station
1400 Eisenhower Cir, Woodbridge, VA 22191","1400 Eisenhower Cir, Woodbridge, VA 22191",No Price,No Bed Info,No Phone
"Enclave at Emerson
8450 Upper Sky Way, Laurel, MD 20723","8450 Upper Sky Way, Laurel, MD 20723",No Price,No Bed Info,No Phone
"Halstead Burlington
8 Kimball Ct, Burlington, MA 01803","8 Kimball Ct, Burlington, MA 01803",No Price,No Bed Info,No Phone
"The Modern
100 Park Ave, Fort Lee, NJ 07024","100 Park Ave, Fort Lee, NJ 07024",No Price,No Bed Info,No Phone
"Wynwood Haus
23 NE 17th Ter, Miami, FL 33132","23 NE 17th Ter, Miami, FL 33132",No Price,No Bed Info,No Phone
"Park + Garden
1450 Garden St, Hoboken, NJ 07030","1450 Garden St, Hoboken, NJ 07030",No Price,No Bed Info,No Phone
"Proto Kendall Square
88 Ames St, Cambridge, MA 02142","88 Ames St, Cambridge, MA 02142",No Price,No Bed Info,No Phone
"The Victor
1 Market St, Camden, NJ 08102","1 Market St, Camden, NJ 08102",No Price,No Bed Info,No Phone
"Easton at Carlyle Crossing
2424 Mill Rd, Alexandria, VA 22314","2424 Mill Rd, Alexandria, VA 22314",No Price,No Bed Info,No Phone
"Ravensworth
4327 Ravensworth Rd, Annandale, VA 22003","4327 Ravensworth Rd, Annandale, VA 22003",No Price,No Bed Info,No Phone
"One Clinton Park
55 Clinton Pl, New Rochelle, NY 10801","55 Clinton Pl, New Rochelle, NY 10801",No Price,No Bed Info,No Phone
"Woodfall Greens
90 Hammonds Ln, Brooklyn Park, MD 21225","90 Hammonds Ln, Brooklyn Park, MD 21225",No Price,No Bed Info,No Phone
"Emera Port Royale
3333 Port Royale Dr S, Fort Lauderdale, FL 33308","3333 Port Royale Dr S, Fort Lauderdale, FL 33308",No Price,No Bed Info,No Phone
"Palma
5250-5225 NW 84th Ave, Doral, FL 33166","5250-5225 NW 84th Ave, Doral, FL 33166",No Price,No Bed Info,No Phone
"Alston
1000 Mill Rd, Ronkonkoma, NY 11779","1000 Mill Rd, Ronkonkoma, NY 11779",No Price,No Bed Info,No Phone
"The Perry
12430 Park Potomac Ave, Potomac, MD 20854","12430 Park Potomac Ave, Potomac, MD 20854",No Price,No Bed Info,No Phone
"i5 Union Market Co-Living
320 Florida Ave NE, Washington, DC 20002","320 Florida Ave NE, Washington, DC 20002",No Price,No Bed Info,No Phone
"Pacifica
1100 Audace Ave, Boynton Beach, FL 33426","1100 Audace Ave, Boynton Beach, FL 33426",No Price,No Bed Info,No Phone
"Sterling Parc at Hanover
2101 Glen Dr, Cedar Knolls, NJ 07927","2101 Glen Dr, Cedar Knolls, NJ 07927",No Price,No Bed Info,No Phone
"Aura Boca
789 W Yamato Rd, Boca Raton, FL 33431","789 W Yamato Rd, Boca Raton, FL 33431",No Price,No Bed Info,No Phone
,No Address,No Price,No Bed Info,No Phone
,No Address,No Price,No Bed Info,No Phone
,No Address,No Price,No Bed Info,No Phone
,No Address,No Price,No Bed Info,No Phone
,No Address,No Price,No Bed Info,No Phone
,No Address,No Price,No Bed Info,No Phone
,No Address,No Price,No Bed Info,No Phone
